类别,订单号,客户,应赠,实赠,雪碧金额,订单来源,履约完成时间
B-归因错位(净正确),SXD260819000156,44号（11点前/2点后）,1,0,230.8,SXD,2026-08-19 14:45:15
B-归因错位(净正确),SXD260825000132,44号（11点前/2点后）,0,1,178.8,SXD,2026-08-25 14:27:17
A-真应赠未赠,XD260825000320,Abeste阿贝斯精品超市,1,0,257.1,XD履约(无SXD),2026-08-26 11:25:19
A-真应赠未赠,XD260819000220,L上李朗益平便利,1,0,164.1,XD履约(无SXD),2026-08-20 20:08:45
A-真应赠未赠,XD260826000179,优鲜联华超市（可园店）,1,0,172.8,XD履约(无SXD),2026-08-27 17:21:27
A-真应赠未赠,XD260825000254,佳佳生鲜超市(吉政路店),1,0,144.8,XD履约(无SXD),2026-08-27 17:44:34
A-真应赠未赠,XD260825000235,佳朗百货,1,0,152.5,XD履约(无SXD),2026-08-25 16:25:11
A-真应赠未赠,XD260819000342,佳润百货（布吉）,1,0,206.9,XD履约(无SXD),2026-08-20 16:05:33
A-真应赠未赠,SXD260820000006,利城商店(白泥坑),1,0,138.6,SXD,2026-08-20 12:42:12
A-真应赠未赠,XD260824000015,君杰生活超市（雪象）,1,0,138.6,XD履约(无SXD),2026-08-24 16:00:14
A-真应赠未赠,XD260824000354,喜仕多(上李朗),1,0,151.8,XD履约(无SXD),2026-08-25 12:01:09
A-真应赠未赠,SXD260826000149,喜洋洋便利店(鹅公岭),1,0,152.3,SXD,2026-08-26 20:41:04
A-真应赠未赠,XD260823000260,大世纪生活便利店,1,0,160,XD履约(无SXD),2026-08-24 14:52:00
A-真应赠未赠,SXD260823000149,大生优品（茶光村）,1,0,229,SXD,2026-08-26 15:34:21
A-真应赠未赠,XD260825000264,家家福（京南路）,1,0,257.1,XD履约(无SXD),2026-08-26 17:15:21
A-真应赠未赠,XD260820000327,家家福（百和苑）,1,0,154.9,XD履约(无SXD),2026-08-21 21:01:35
A-真应赠未赠,XD260823000028,惠立送（南山）,1,0,118.5,XD履约(无SXD),2026-08-23 17:40:51
A-真应赠未赠,XD260820000020,文记便利店（双拥街，宏泰街28-1-1）,1,0,109,XD履约(无SXD),2026-08-20 18:11:21
A-真应赠未赠,SXD260819000078,春雨商店（罗湖泥岗北村）,1,0,122,SXD,2026-08-20 15:46:49
B-归因错位(净正确),XD260819000293,汇丰百货/深朗,1,0,118,XD履约(无SXD),2026-08-20 23:09:14
B-归因错位(净正确),XD260825000283,汇丰百货/深朗,0,1,194.3,XD履约(无SXD),2026-08-26 09:28:33
A-真应赠未赠,SXD260826000183,润丰百货(禾吓岭),1,0,126.5,SXD,2026-08-27 17:36:26
A-真应赠未赠,XD260821000249,润欣田,1,0,100,XD履约(无SXD),2026-08-21 16:10:23
A-真应赠未赠,XD260820000318,深圳市盛昇实业有限公司,1,0,1287,XD履约(无SXD),2026-08-21 15:47:24
A-真应赠未赠,XD260824000119,源兴商店(宝龙路口),1,0,210.4,XD履约(无SXD),2026-08-24 16:08:36
A-真应赠未赠,XD260820000330,源兴百货,1,0,143.6,XD履约(无SXD),2026-08-21 21:49:29
A-真应赠未赠,SXD260826000171,福多超市（南湾）,1,0,208.3,SXD,2026-08-27 18:06:04
A-真应赠未赠,XD260820000297,福田交管局（工作时间段送货）,1,0,390,XD履约(无SXD),2026-08-21 14:54:44
A-真应赠未赠,XD260825000325,美佳亲（青青家园）,1,0,181.1,XD履约(无SXD),2026-08-26 22:39:22
B-归因错位(净正确),SXD260819000040,美又佳（玉岭花园）,1,0,104.3,SXD,2026-08-19 15:50:00
B-归因错位(净正确),SXD260822000028,美又佳（玉岭花园）,0,1,117.1,SXD,2026-08-22 23:59:59
A-真应赠未赠,XD260820000283,美园面包(教育新村店),1,0,219.4,XD履约(无SXD),2026-08-23 17:20:28
A-真应赠未赠,XD260820000148,美维佳（百门前）,1,0,136.1,XD履约(无SXD),2026-08-20 21:29:59
A-真应赠未赠,XD260825000291,金鼎养生休闲会所,1,0,170,XD履约(无SXD),2026-08-26 11:54:35
A-真应赠未赠,XD260819000188,鑫旺福(大靓),1,0,112,XD履约(无SXD),2026-08-19 22:16:53
A-真应赠未赠,XD260823000253,雅堂小超鑫辉达(新三村),1,0,236,XD履约(无SXD),2026-08-24 23:39:18
A-真应赠未赠,SXD260826000055,雅堂小超（吉星花园）,1,0,122.8,SXD,2026-08-26 16:27:50
A-真应赠未赠,SXD260819000101,零食捷点（长坑）,1,0,109,SXD,2026-08-19 18:34:34
B-归因错位(净正确),SXD260819000024,零食有鸣（大芬）,1,0,138,SXD,2026-08-19 18:47:46
B-归因错位(净正确),SXD260826000018,零食有鸣（大芬）,0,1,163.5,SXD,2026-08-26 21:19:55
A-真应赠未赠,XD260826000212,顺丰驿收发（大浪华悦）,1,0,264,XD履约(无SXD),2026-08-27 11:58:01
A-真应赠未赠,XD260819000296,顺丰驿收发（横岗独竹）,1,0,137,XD履约(无SXD),2026-08-20 17:10:57
A-真应赠未赠,XD260819000243,顺丰驿收发（水围村店）,1,0,104,XD履约(无SXD),2026-08-21 14:58:16
